<?xml version="1.0"?>
<doc>
  <assembly>
    <name>CSVideoPlayer</name>
  </assembly>
  <members>
    <member name="T:CSCommand.CommandLine">
      <summary>
            Send shell command line with arguments to the CMD prompt and receive data using C# / VB .NET.
            </summary>
    </member>
    <member name="F:CSCommand.CommandLine._running">
      <summary>
            Running flag.
            </summary>
    </member>
    <member name="P:CSCommand.CommandLine.Command">
      <summary>
            Set the command to operate
            </summary>
    </member>
    <member name="P:CSCommand.CommandLine.Arguments">
      <summary>
            Set the arguments
            </summary>
    </member>
    <member name="T:CSCommand.CommandLine.OperationProgressEventHandler">
      <summary>
            Operation progress handler.
            </summary>
      <param name="sender">
      </param>
      <param name="e">
      </param>
    </member>
    <member name="E:CSCommand.CommandLine.OperationProgress">
      <summary>
            Operation progress.
            </summary>
    </member>
    <member name="T:CSCommand.CommandLine.OperationDoneEventHandler">
      <summary>
            Done progress handler.
            </summary>
      <param name="sender">
      </param>
      <param name="e">
      </param>
    </member>
    <member name="E:CSCommand.CommandLine.OperationDone">
      <summary>
            Done progress.
            </summary>
    </member>
    <member name="T:CSCommand.CommandLine.OperationClosedEventHandler">
      <summary>
            Closed handler.
            </summary>
      <param name="sender">
      </param>
      <param name="e">
      </param>
    </member>
    <member name="E:CSCommand.CommandLine.OperationClosed">
      <summary>
            Closed progress.
            </summary>
    </member>
    <member name="P:CSCommand.CommandLine.InteractiveMode">
      <summary>
            InteractiveMode.
            </summary>
    </member>
    <member name="M:CSCommand.CommandLine.#ctor">
      <summary>
            Constructor.
            </summary>
    </member>
    <member name="M:CSCommand.CommandLine.StartAsyncStandard">
      <summary>
            Start async command and get the standard output.
            </summary>
      <returns>The results.</returns>
    </member>
    <member name="M:CSCommand.CommandLine.StartAsyncError">
      <summary>
            Start async command and get the error output.
            </summary>
      <returns>The results.</returns>
    </member>
    <member name="M:CSCommand.CommandLine.GetMainWindowHandle">
      <summary>
            GetMainWindowHandle.
            </summary>
      <returns>
      </returns>
    </member>
    <member name="M:CSCommand.CommandLine.CloseMainWindow">
      <summary>
            CloseMainWindow.
            </summary>
    </member>
    <member name="M:CSCommand.CommandLine.Close">
      <summary>
            Close the process.
            </summary>
    </member>
    <member name="M:CSCommand.CommandLine.Refresh">
      <summary>
            Refresh the process.
            </summary>
    </member>
    <member name="M:CSCommand.CommandLine.Kill">
      <summary>
            Kill  the process.
            </summary>
    </member>
    <member name="M:CSCommand.CommandLine.Abort">
      <summary>
            Abort the process.
            </summary>
    </member>
    <member name="M:CSCommand.CommandLine.Suspend">
      <summary>
            Suspend (pause) the process.
            </summary>
    </member>
    <member name="M:CSCommand.CommandLine.Resume">
      <summary>
            Resume (unpause) the process.
            </summary>
    </member>
    <member name="M:CSCommand.CommandLine.Dispose">
      <summary>
            Dispose.
            </summary>
    </member>
    <member name="M:Microncode.Lic.LicenseLib.CheckLicense(System.String,System.String,System.String,System.String,System.String,System.String,System.String,System.String,System.String,System.Boolean,System.Boolean)">
      <summary>
            Check the license of the library.
            </summary>
    </member>
    <member name="T:CSVideoPlayer.BitmapDataBuffer">
      <summary>
            Contains metadata about a raw bitmap back-buffer.
            </summary>
    </member>
    <member name="P:CSVideoPlayer.BitmapDataBuffer.BufferLength">
      <summary>
            Gets the length of the buffer (Stride x Pixel Height).
            </summary>
    </member>
    <member name="P:CSVideoPlayer.BitmapDataBuffer.Scan0">
      <summary>
            Gets a pointer to the raw pixel data.
            </summary>
    </member>
    <member name="P:CSVideoPlayer.BitmapDataBuffer.Stride">
      <summary>
            Gets the byte width of each row of pixels.
            </summary>
    </member>
    <member name="P:CSVideoPlayer.BitmapDataBuffer.BitsPerPixel">
      <summary>
            Gets the bits per pixel.
            </summary>
    </member>
    <member name="P:CSVideoPlayer.BitmapDataBuffer.BytesPerPixel">
      <summary>
            Gets the bytes per pixel.
            </summary>
    </member>
    <member name="P:CSVideoPlayer.BitmapDataBuffer.PixelWidth">
      <summary>
            Gets width of the bitmap.
            </summary>
    </member>
    <member name="P:CSVideoPlayer.BitmapDataBuffer.PixelHeight">
      <summary>
            Gets height of the bitmap.
            </summary>
    </member>
    <member name="P:CSVideoPlayer.BitmapDataBuffer.DpiX">
      <summary>
            Gets the DPI on the X axis.
            </summary>
    </member>
    <member name="P:CSVideoPlayer.BitmapDataBuffer.DpiY">
      <summary>
            Gets the DPI on the Y axis.
            </summary>
    </member>
    <member name="P:CSVideoPlayer.BitmapDataBuffer.UpdateRect">
      <summary>
            Gets the update rect.
            </summary>
    </member>
    <member name="P:CSVideoPlayer.BitmapDataBuffer.Palette">
      <summary>
            Gets the palette.
            </summary>
    </member>
    <member name="P:CSVideoPlayer.BitmapDataBuffer.PixelFormat">
      <summary>
            Gets the pixel format.
            </summary>
    </member>
    <member name="M:CSVideoPlayer.BitmapDataBuffer.CreateDrawingBitmap">
      <summary>
            Creates a Drawing Bitmap from this data buffer.
            </summary>
      <returns>The bitmap.</returns>
    </member>
    <member name="T:CSVideoPlayer.LegacyAudioResult">
      <summary>
            Windows multimedia error codes from mmsystem.h.
            </summary>
    </member>
    <member name="F:CSVideoPlayer.LegacyAudioResult.NoError">
      <summary>no error</summary>
    </member>
    <member name="F:CSVideoPlayer.LegacyAudioResult.UnspecifiedError">
      <summary>unspecified error</summary>
    </member>
    <member name="F:CSVideoPlayer.LegacyAudioResult.BadDeviceId">
      <summary>device ID out of range</summary>
    </member>
    <member name="F:CSVideoPlayer.LegacyAudioResult.NotEnabled">
      <summary>driver failed enable</summary>
    </member>
    <member name="F:CSVideoPlayer.LegacyAudioResult.AlreadyAllocated">
      <summary>device already allocated</summary>
    </member>
    <member name="F:CSVideoPlayer.LegacyAudioResult.InvalidHandle">
      <summary>device handle is invalid</summary>
    </member>
    <member name="F:CSVideoPlayer.LegacyAudioResult.NoDriver">
      <summary>no device driver present</summary>
    </member>
    <member name="F:CSVideoPlayer.LegacyAudioResult.MemoryAllocationError">
      <summary>memory allocation error</summary>
    </member>
    <member name="F:CSVideoPlayer.LegacyAudioResult.NotSupported">
      <summary>function isn't supported</summary>
    </member>
    <member name="F:CSVideoPlayer.LegacyAudioResult.BadErrorNumber">
      <summary>error value out of range</summary>
    </member>
    <member name="F:CSVideoPlayer.LegacyAudioResult.InvalidFlag">
      <summary>invalid flag passed</summary>
    </member>
    <member name="F:CSVideoPlayer.LegacyAudioResult.InvalidParameter">
      <summary>invalid parameter passed</summary>
    </member>
    <member name="F:CSVideoPlayer.LegacyAudioResult.HandleBusy">
      <summary>handle being used simultaneously on another thread (eg callback)</summary>
    </member>
    <member name="F:CSVideoPlayer.LegacyAudioResult.InvalidAlias">
      <summary>specified alias not found</summary>
    </member>
    <member name="F:CSVideoPlayer.LegacyAudioResult.BadRegistryDatabase">
      <summary>bad registry database</summary>
    </member>
    <member name="F:CSVideoPlayer.LegacyAudioResult.RegistryKeyNotFound">
      <summary>registry key not found</summary>
    </member>
    <member name="F:CSVideoPlayer.LegacyAudioResult.RegistryReadError">
      <summary>registry read error</summary>
    </member>
    <member name="F:CSVideoPlayer.LegacyAudioResult.RegistryWriteError">
      <summary>registry write error</summary>
    </member>
    <member name="F:CSVideoPlayer.LegacyAudioResult.RegistryDeleteError">
      <summary>registry delete error</summary>
    </member>
    <member name="F:CSVideoPlayer.LegacyAudioResult.RegistryValueNotFound">
      <summary>registry value not found</summary>
    </member>
    <member name="F:CSVideoPlayer.LegacyAudioResult.NoDriverCallback">
      <summary>driver does not call DriverCallback</summary>
    </member>
    <member name="F:CSVideoPlayer.LegacyAudioResult.MoreData">
      <summary>more data to be returned</summary>
    </member>
    <member name="F:CSVideoPlayer.LegacyAudioResult.WaveBadFormat">
      <summary>unsupported wave format</summary>
    </member>
    <member name="F:CSVideoPlayer.LegacyAudioResult.WaveStillPlaying">
      <summary>still something playing</summary>
    </member>
    <member name="F:CSVideoPlayer.LegacyAudioResult.WaveHeaderUnprepared">
      <summary>header not prepared</summary>
    </member>
    <member name="F:CSVideoPlayer.LegacyAudioResult.WaveSync">
      <summary>device is synchronous</summary>
    </member>
    <member name="F:CSVideoPlayer.LegacyAudioResult.AcmNotPossible">
      <summary>Conversion not possible</summary>
    </member>
    <member name="F:CSVideoPlayer.LegacyAudioResult.AcmBusy">
      <summary>Busy</summary>
    </member>
    <member name="F:CSVideoPlayer.LegacyAudioResult.AcmHeaderUnprepared">
      <summary>Header Unprepared</summary>
    </member>
    <member name="F:CSVideoPlayer.LegacyAudioResult.AcmCancelled">
      <summary>Cancelled</summary>
    </member>
    <member name="F:CSVideoPlayer.LegacyAudioResult.MixerInvalidLine">
      <summary>invalid line</summary>
    </member>
    <member name="F:CSVideoPlayer.LegacyAudioResult.MixerInvalidControl">
      <summary>invalid control</summary>
    </member>
    <member name="F:CSVideoPlayer.LegacyAudioResult.MixerInvalidValue">
      <summary>invalid value</summary>
    </member>
    <member name="T:CSVideoPlayer.PlayingState">
      <summary>
            The recording state of the control. This can be Ready, Recording and Paused.
            </summary>
    </member>
    <member name="F:CSVideoPlayer.PlayingState.Ready">
      <summary>
            Ready.
            </summary>
    </member>
    <member name="F:CSVideoPlayer.PlayingState.Playing">
      <summary>
            Playing.
            </summary>
    </member>
    <member name="F:CSVideoPlayer.PlayingState.Paused">
      <summary>
            Paused.
            </summary>
    </member>
    <member name="T:CSVideoPlayer.Library">
      <summary>
            Provides access to the underlying FFmpeg library information.
            </summary>
    </member>
    <member name="P:CSVideoPlayer.Library.EnableWpfMultiThreadedVideo">
      <summary>
            Gets or sets a value indicating whether the video visualization control
            creates its own dispatcher thread to handle rendering of video frames.
            This is an experimental feature and it is useful when creating video walls.
            For example if you want to display multiple videos at a time and don't want to
            use time from the main UI thread. This feature is only valid if we are in
            a WPF context.
            </summary>
    </member>
    <member name="P:CSVideoPlayer.Library.IsFrameSyncDisabled">
      <summary>
            Gets or sets a value indicating whether frame synchronization is disabled.
            Setting this to true prevents the use of multimedia timers.
            </summary>
    </member>
    <member name="P:CSVideoPlayer.Library.FFmpegDirectory">
      <summary>
            Gets or sets the FFmpeg path from which to load the FFmpeg binaries.
            You must set this path before setting the Source property for the first time on any instance of this control.
            Setting this property when FFmpeg binaries have been registered will have no effect.
            </summary>
    </member>
    <member name="P:CSVideoPlayer.Library.FFmpegVersionInfo">
      <summary>
            Gets the FFmpeg version information. Returns null
            when the libraries have not been loaded.
            </summary>
    </member>
    <member name="P:CSVideoPlayer.Library.FFmpegLoadModeFlags">
      <summary>
            Gets or sets the bitwise library identifiers to load.
            See the <see cref="T:FFmpeg.AutoGen.FFmpegLoadMode" /> constants.
            If FFmpeg is already loaded, the value cannot be changed.
            </summary>
    </member>
    <member name="P:CSVideoPlayer.Library.FFmpegLogLevel">
      <summary>
            Gets or sets the FFmpeg log level.
            </summary>
    </member>
    <member name="P:CSVideoPlayer.Library.IsInitialized">
      <summary>
            Gets a value indicating whether the FFmpeg library has been initialized.
            </summary>
    </member>
    <member name="P:CSVideoPlayer.Library.InputFormatNames">
      <summary>
            Gets the registered FFmpeg input format names.
            </summary>
      <exception cref="T:System.InvalidOperationException">When the MediaEngine has not been initialized.</exception>
    </member>
    <member name="P:CSVideoPlayer.Library.DecoderNames">
      <summary>
            Gets the registered FFmpeg decoder codec names.
            </summary>
      <exception cref="T:System.InvalidOperationException">When the MediaEngine has not been initialized.</exception>
    </member>
    <member name="P:CSVideoPlayer.Library.EncoderNames">
      <summary>
            Gets the registered FFmpeg decoder codec names.
            </summary>
      <exception cref="T:System.InvalidOperationException">When the MediaEngine has not been initialized.</exception>
    </member>
    <member name="M:CSVideoPlayer.Library.LoadFFmpeg">
      <summary>
            Forces the pre-loading of the FFmpeg libraries according to the values of the
            <see cref="P:CSVideoPlayer.Library.FFmpegDirectory" /> and <see cref="P:CSVideoPlayer.Library.FFmpegLoadModeFlags" />
            Also, sets the <see cref="P:CSVideoPlayer.Library.FFmpegVersionInfo" /> property. Throws an exception
            if the libraries cannot be loaded.
            </summary>
      <returns>true if libraries were loaded, false if libraries were already loaded.</returns>
    </member>
    <member name="M:CSVideoPlayer.Library.LoadFFmpegAsync">
      <summary>
            Provides an asynchronous version of the <see cref="M:CSVideoPlayer.Library.LoadFFmpeg" /> call.
            </summary>
      <returns>true if libraries were loaded, false if libraries were already loaded.</returns>
    </member>
    <member name="M:CSVideoPlayer.Library.UnloadFFmpeg">
      <summary>
            Unloads FFmpeg libraries from memory.
            </summary>
      <exception cref="T:System.NotImplementedException">Unloading FFmpeg libraries is not yet supported.</exception>
    </member>
    <member name="T:CSVideoPlayer.MediaFailedEventArgs">
      <summary>
            The Media failed event arguments.
            </summary>
    </member>
    <member name="P:CSVideoPlayer.MediaFailedEventArgs.ErrorException">
      <summary>
            Gets the error exception.
            </summary>
    </member>
    <member name="T:CSVideoPlayer.MediaInitializingEventArgs">
      <summary>
            Represents the event arguments of the MediaInitializing routed event.
            </summary>
      <seealso cref="T:System.Windows.RoutedEventArgs" />
    </member>
    <member name="P:CSVideoPlayer.MediaInitializingEventArgs.MediaSource">
      <summary>
            Gets the URL.
            </summary>
    </member>
    <member name="T:CSVideoPlayer.MediaLogMessageEventArgs">
      <summary>
            Contains the Message Logged Event Arguments.
            </summary>
      <seealso cref="T:System.EventArgs" />
    </member>
    <member name="P:CSVideoPlayer.MediaLogMessageEventArgs.TimestampUtc">
      <summary>
            Gets the timestamp.
            </summary>
    </member>
    <member name="P:CSVideoPlayer.MediaLogMessageEventArgs.Message">
      <summary>
            Gets the contents of the message.
            </summary>
    </member>
    <member name="P:CSVideoPlayer.MediaLogMessageEventArgs.AspectName">
      <summary>
            Gets the aspect or feature that sent the logged message.
            May or may not be available.
            </summary>
    </member>
    <member name="M:CSVideoPlayer.MediaLogMessageEventArgs.ToString">
      <inheritdoc />
    </member>
    <member name="T:CSVideoPlayer.MediaOpenedEventArgs">
      <summary>
            Represents the event arguments of the <see cref="E:CSVideoPlayer.cMediaPlayer.MediaOpened" /> or
            <see cref="E:CSVideoPlayer.cMediaPlayer.MediaChanged" /> routed events.
            </summary>
      <seealso cref="T:System.EventArgs" />
    </member>
    <member name="T:CSVideoPlayer.MediaOpeningEventArgs">
      <summary>
            Represents the event arguments of the <see cref="E:CSVideoPlayer.cMediaPlayer.MediaOpening" />
            or <see cref="E:CSVideoPlayer.cMediaPlayer.MediaChanging" /> routed events.
            </summary>
      <seealso cref="T:System.EventArgs" />
    </member>
    <member name="T:CSVideoPlayer.MediaStateChangedEventArgs">
      <summary>
            Contains the media state changed event args.
            </summary>
      <seealso cref="T:System.EventArgs" />
    </member>
    <member name="T:CSVideoPlayer.PositionChangedEventArgs">
      <summary>
            Contains the position changed routed event args.
            </summary>
      <seealso cref="T:System.EventArgs" />
    </member>
    <member name="P:CSVideoPlayer.PositionChangedEventArgs.Position">
      <summary>
            Gets the current position.
            </summary>
    </member>
    <member name="P:CSVideoPlayer.PositionChangedEventArgs.OldPosition">
      <summary>
            Gets the old position.
            </summary>
    </member>
    <member name="T:CSVideoPlayer.HardwareDeviceInfo">
      <summary>
            Represents a hardware configuration pair of device and pixel format.
            </summary>
    </member>
    <member name="P:CSVideoPlayer.HardwareDeviceInfo.DeviceType">
      <summary>
            Gets the type of hardware device.
            </summary>
    </member>
    <member name="P:CSVideoPlayer.HardwareDeviceInfo.DeviceTypeName">
      <summary>
            Gets the name of the device type.
            </summary>
    </member>
    <member name="P:CSVideoPlayer.HardwareDeviceInfo.PixelFormat">
      <summary>
            Gets the hardware output pixel format.
            </summary>
    </member>
    <member name="P:CSVideoPlayer.HardwareDeviceInfo.PixelFormatName">
      <summary>
            Gets the name of the pixel format.
            </summary>
    </member>
    <member name="M:CSVideoPlayer.HardwareDeviceInfo.ToString">
      <summary>
            Returns a <see cref="T:System.String" /> that represents this instance.
            </summary>
      <returns>
            A <see cref="T:System.String" /> that represents this instance.
            </returns>
    </member>
    <member name="T:CSVideoPlayer.MediaInfo">
      <summary>
            Holds media information about the input, its chapters, programs and individual stream components.
            </summary>
    </member>
    <member name="P:CSVideoPlayer.MediaInfo.MediaSource">
      <summary>
            Gets the input URL string used to access and create the media container.
            </summary>
    </member>
    <member name="P:CSVideoPlayer.MediaInfo.Format">
      <summary>
            Gets the name of the container format.
            </summary>
    </member>
    <member name="P:CSVideoPlayer.MediaInfo.Metadata">
      <summary>
            Gets the metadata for the input. This may include stuff like title, creation date, company name, etc.
            Individual stream components, chapters and programs may contain additional metadata.
            </summary>
    </member>
    <member name="P:CSVideoPlayer.MediaInfo.Duration">
      <summary>
            Gets the duration of the input as reported by the container format.
            Individual stream components may have different values.
            Returns TimeSpan.MinValue if unknown.
            </summary>
    </member>
    <member name="P:CSVideoPlayer.MediaInfo.StartTime">
      <summary>
            Gets the start timestamp of the input as reported by the container format.
            Individual stream components may have different values.
            Returns TimeSpan.MinValue if unknown.
            </summary>
    </member>
    <member name="P:CSVideoPlayer.MediaInfo.BitRate">
      <summary>
            If available, returns a non-zero value as reported by the container format.
            </summary>
    </member>
    <member name="P:CSVideoPlayer.MediaInfo.Chapters">
      <summary>
            Gets a list of chapters.
            </summary>
    </member>
    <member name="P:CSVideoPlayer.MediaInfo.Programs">
      <summary>
            Gets a list of programs with their associated streams.
            </summary>
    </member>
    <member name="P:CSVideoPlayer.MediaInfo.Streams">
      <summary>
            Gets the dictionary of stream information components by stream index.
            </summary>
    </member>
    <member name="P:CSVideoPlayer.MediaInfo.BestStreams">
      <summary>
            Provides access to the best streams of each media type found in the container.
            This uses some internal FFmpeg heuristics.
            </summary>
    </member>
    <member name="T:CSVideoPlayer.StreamInfo">
      <summary>
            Represents media stream information.
            </summary>
    </member>
    <member name="P:CSVideoPlayer.StreamInfo.StreamId">
      <summary>
            Gets the stream identifier. This is different from the stream index.
            Typically this value is not very useful.
            </summary>
    </member>
    <member name="P:CSVideoPlayer.StreamInfo.StreamIndex">
      <summary>
            Gets the index of the stream.
            </summary>
    </member>
    <member name="P:CSVideoPlayer.StreamInfo.CodecType">
      <summary>
            Gets the type of the codec.
            </summary>
    </member>
    <member name="P:CSVideoPlayer.StreamInfo.CodecTypeName">
      <summary>
            Gets the name of the codec type. Audio, Video, Subtitle, Data, etc.
            </summary>
    </member>
    <member name="P:CSVideoPlayer.StreamInfo.Codec">
      <summary>
            Gets the codec identifier.
            </summary>
    </member>
    <member name="P:CSVideoPlayer.StreamInfo.CodecName">
      <summary>
            Gets the name of the codec.
            </summary>
    </member>
    <member name="P:CSVideoPlayer.StreamInfo.CodecProfile">
      <summary>
            Gets the codec profile. Only valid for H.264 or
            video codecs that use profiles. Otherwise empty.
            </summary>
    </member>
    <member name="P:CSVideoPlayer.StreamInfo.CodecTag">
      <summary>
            Gets the codec tag. Not very useful except for fixing bugs with
            some demuxer scenarios.
            </summary>
    </member>
    <member name="P:CSVideoPlayer.StreamInfo.HasClosedCaptions">
      <summary>
            Gets a value indicating whether this stream has closed captions.
            Typically this is set for video streams.
            </summary>
    </member>
    <member name="P:CSVideoPlayer.StreamInfo.IsLossless">
      <summary>
            Gets a value indicating whether this stream contains lossless compressed data.
            </summary>
    </member>
    <member name="P:CSVideoPlayer.StreamInfo.PixelFormat">
      <summary>
            Gets the pixel format. Only valid for Video streams.
            </summary>
    </member>
    <member name="P:CSVideoPlayer.StreamInfo.PixelWidth">
      <summary>
            Gets the width of the video frames.
            </summary>
    </member>
    <member name="P:CSVideoPlayer.StreamInfo.PixelHeight">
      <summary>
            Gets the height of the video frames.
            </summary>
    </member>
    <member name="P:CSVideoPlayer.StreamInfo.FieldOrder">
      <summary>
            Gets the field order. This is useful to determine
            if the video needs de-interlacing.
            </summary>
    </member>
    <member name="P:CSVideoPlayer.StreamInfo.IsInterlaced">
      <summary>
            Gets a value indicating whether the video frames are interlaced.
            </summary>
    </member>
    <member name="P:CSVideoPlayer.StreamInfo.ColorRange">
      <summary>
            Gets the video color range.
            </summary>
    </member>
    <member name="P:CSVideoPlayer.StreamInfo.SampleRate">
      <summary>
            Gets the audio sample rate.
            </summary>
    </member>
    <member name="P:CSVideoPlayer.StreamInfo.SampleFormat">
      <summary>
            Gets the audio sample format.
            </summary>
    </member>
    <member name="P:CSVideoPlayer.StreamInfo.TimeBase">
      <summary>
            Gets the stream time base unit in seconds.
            </summary>
    </member>
    <member name="P:CSVideoPlayer.StreamInfo.SampleAspectRatio">
      <summary>
            Gets the sample aspect ratio.
            </summary>
    </member>
    <member name="P:CSVideoPlayer.StreamInfo.DisplayAspectRatio">
      <summary>
            Gets the display aspect ratio.
            </summary>
    </member>
    <member name="P:CSVideoPlayer.StreamInfo.BitRate">
      <summary>
            Gets the reported bit rate. 9 for unavailable.
            </summary>
    </member>
    <member name="P:CSVideoPlayer.StreamInfo.MaxBitRate">
      <summary>
            Gets the maximum bit rate for variable bit rate streams. 0 if unavailable.
            </summary>
    </member>
    <member name="P:CSVideoPlayer.StreamInfo.InfoFrameCount">
      <summary>
            Gets the number of frames that were read to obtain the stream's information.
            </summary>
    </member>
    <member name="P:CSVideoPlayer.StreamInfo.ReferenceFrameCount">
      <summary>
            Gets the number of reference frames.
            </summary>
    </member>
    <member name="P:CSVideoPlayer.StreamInfo.FPS">
      <summary>
            Gets the average FPS reported by the stream.
            </summary>
    </member>
    <member name="P:CSVideoPlayer.StreamInfo.TBR">
      <summary>
            Gets the real (base) frame rate of the stream.
            </summary>
    </member>
    <member name="P:CSVideoPlayer.StreamInfo.TBN">
      <summary>
            Gets the fundamental unit of time in 1/seconds used to represent timestamps in the stream, according to the stream data.
            </summary>
    </member>
    <member name="P:CSVideoPlayer.StreamInfo.TBC">
      <summary>
            Gets the fundamental unit of time in 1/seconds used to represent timestamps in the stream ,according to the codec.
            </summary>
    </member>
    <member name="P:CSVideoPlayer.StreamInfo.Disposition">
      <summary>
            Gets the disposition flags.
            Please see ffmpeg.AV_DISPOSITION_* fields.
            </summary>
    </member>
    <member name="P:CSVideoPlayer.StreamInfo.IsAttachedPictureDisposition">
      <summary>
            Gets a value indicating whether this instance is attached picture disposition.
            </summary>
    </member>
    <member name="P:CSVideoPlayer.StreamInfo.StartTime">
      <summary>
            Gets the start time.
            </summary>
    </member>
    <member name="P:CSVideoPlayer.StreamInfo.Duration">
      <summary>
            Gets the duration.
            </summary>
    </member>
    <member name="P:CSVideoPlayer.StreamInfo.Metadata">
      <summary>
            Gets the stream's metadata.
            </summary>
    </member>
    <member name="P:CSVideoPlayer.StreamInfo.HardwareDevices">
      <summary>
            Gets the compatible hardware device configurations for the stream's codec.
            </summary>
    </member>
    <member name="P:CSVideoPlayer.StreamInfo.HardwareDecoders">
      <summary>
            Gets a list of compatible hardware decoder names.
            </summary>
    </member>
    <member name="P:CSVideoPlayer.StreamInfo.Language">
      <summary>
            Gets the language string from the stream's metadata.
            </summary>
    </member>
    <member name="T:CSVideoPlayer.ChapterInfo">
      <summary>
            Represents a chapter within a container.
            </summary>
    </member>
    <member name="P:CSVideoPlayer.ChapterInfo.Index">
      <summary>
            Gets the chapter index.
            </summary>
    </member>
    <member name="P:CSVideoPlayer.ChapterInfo.ChapterId">
      <summary>
            Gets the chapter identifier.
            </summary>
    </member>
    <member name="P:CSVideoPlayer.ChapterInfo.StartTime">
      <summary>
            Gets the start time of the chapter.
            </summary>
    </member>
    <member name="P:CSVideoPlayer.ChapterInfo.EndTime">
      <summary>
            Gets the end time of the chapter.
            </summary>
    </member>
    <member name="P:CSVideoPlayer.ChapterInfo.Metadata">
      <summary>
            Gets the chapter metadata.
            </summary>
    </member>
    <member name="T:CSVideoPlayer.ProgramInfo">
      <summary>
            Represents a program and its associated streams within a container.
            </summary>
    </member>
    <member name="P:CSVideoPlayer.ProgramInfo.ProgramNumber">
      <summary>
            Gets the program number.
            </summary>
    </member>
    <member name="P:CSVideoPlayer.ProgramInfo.ProgramId">
      <summary>
            Gets the program identifier.
            </summary>
    </member>
    <member name="P:CSVideoPlayer.ProgramInfo.Name">
      <summary>
            Gets the name of the program. Empty if unavailable.
            </summary>
    </member>
    <member name="T:CSVideoPlayer.VideoPlayerWinForm">
      <summary>
            Video Player component for WinForm
            </summary>
    </member>
    <member name="P:CSVideoPlayer.VideoPlayerWinForm.UserName">
      <summary>
            The user name.
            </summary>
    </member>
    <member name="P:CSVideoPlayer.VideoPlayerWinForm.UserKey">
      <summary>
            The user key.
            </summary>
    </member>
    <member name="P:CSVideoPlayer.VideoPlayerWinForm.PlayingState">
      <summary>
            The playing state of the control. This can be Ready, Playing and Paused.
            </summary>
    </member>
    <member name="T:CSVideoPlayer.VideoPlayerWinForm.MediaOpenedEventHandler">
      <summary>
            MediaOpenedEventHandler
            </summary>
      <param name="sender">
      </param>
      <param name="e">
      </param>
    </member>
    <member name="E:CSVideoPlayer.VideoPlayerWinForm.MediaOpened">
      <summary>
            MediaOpened
            </summary>
    </member>
    <member name="T:CSVideoPlayer.VideoPlayerWinForm.MediaChangedEventHandler">
      <summary>
            MediaChangedEventHandler
            </summary>
      <param name="sender">
      </param>
      <param name="e">
      </param>
    </member>
    <member name="E:CSVideoPlayer.VideoPlayerWinForm.MediaChanged">
      <summary>
            MediaChanged
            </summary>
    </member>
    <member name="T:CSVideoPlayer.VideoPlayerWinForm.MediaChangingEventHandler">
      <summary>
            MediaChangingEventHandler
            </summary>
      <param name="sender">
      </param>
      <param name="e">
      </param>
    </member>
    <member name="E:CSVideoPlayer.VideoPlayerWinForm.MediaChanging">
      <summary>
            MediaChanging
            </summary>
    </member>
    <member name="T:CSVideoPlayer.VideoPlayerWinForm.MediaClosedEventHandler">
      <summary>
            MediaClosedEventHandler
            </summary>
      <param name="sender">
      </param>
      <param name="e">
      </param>
    </member>
    <member name="E:CSVideoPlayer.VideoPlayerWinForm.MediaClosed">
      <summary>
            MediaClosedEventHandler 
            </summary>
    </member>
    <member name="T:CSVideoPlayer.VideoPlayerWinForm.MediaEndedEventHandler">
      <summary>
            MediaEndedEventHandler
            </summary>
      <param name="sender">
      </param>
      <param name="e">
      </param>
    </member>
    <member name="E:CSVideoPlayer.VideoPlayerWinForm.MediaEnded">
      <summary>
            MediaEnded
            </summary>
    </member>
    <member name="T:CSVideoPlayer.VideoPlayerWinForm.MediaFailedEventHandler">
      <summary>
            MediaFailedEventHandler
            </summary>
      <param name="sender">
      </param>
      <param name="e">
      </param>
    </member>
    <member name="E:CSVideoPlayer.VideoPlayerWinForm.MediaFailed">
      <summary>
            MediaFailed
            </summary>
    </member>
    <member name="T:CSVideoPlayer.VideoPlayerWinForm.MediaInitializingEventHandler">
      <summary>
            MediaInitializingEventHandler
            </summary>
      <param name="sender">
      </param>
      <param name="e">
      </param>
    </member>
    <member name="E:CSVideoPlayer.VideoPlayerWinForm.MediaInitializing">
      <summary>
            MediaInitializing
            </summary>
    </member>
    <member name="T:CSVideoPlayer.VideoPlayerWinForm.MediaOpeningEventHandler">
      <summary>
            MediaOpeningEventHandler
            </summary>
      <param name="sender">
      </param>
      <param name="e">
      </param>
    </member>
    <member name="E:CSVideoPlayer.VideoPlayerWinForm.MediaOpening">
      <summary>
            MediaOpening
            </summary>
    </member>
    <member name="T:CSVideoPlayer.VideoPlayerWinForm.MediaReadyEventHandler">
      <summary>
            MediaReadyEventHandler
            </summary>
      <param name="sender">
      </param>
      <param name="e">
      </param>
    </member>
    <member name="E:CSVideoPlayer.VideoPlayerWinForm.MediaReady">
      <summary>
            MediaReady
            </summary>
    </member>
    <member name="T:CSVideoPlayer.VideoPlayerWinForm.MediaStateChangedEventHandler">
      <summary>
            MediaStateChangedEventHandler
            </summary>
      <param name="sender">
      </param>
      <param name="e">
      </param>
    </member>
    <member name="E:CSVideoPlayer.VideoPlayerWinForm.MediaStateChanged">
      <summary>
            MediaStateChanged
            </summary>
    </member>
    <member name="F:CSVideoPlayer.VideoPlayerWinForm.mediaProperties">
      <summary>
            mediaProperties
            </summary>
    </member>
    <member name="P:CSVideoPlayer.VideoPlayerWinForm.FFmpegLibsPath">
      <summary>
            FFmpegLibsPath
            </summary>
    </member>
    <member name="M:CSVideoPlayer.VideoPlayerWinForm.#ctor">
      <summary>
            VideoPlayerWinForm
            </summary>
    </member>
    <member name="M:CSVideoPlayer.VideoPlayerWinForm.CheckLicense(System.Boolean)">
      <summary>
            Check the user license of the component. 
            </summary>
      <param name="DisplayRegistrationWindow">Display the registration form or not.</param>
      <returns>True if the license is OK, false if not.</returns>
    </member>
    <member name="M:CSVideoPlayer.VideoPlayerWinForm.Init(System.String,System.String,System.String)">
      <summary>
            Init the component, must be call before using any functionality of the component.
            </summary>
      <param name="LibsPath">
      </param>
      <param name="UserName">
      </param>
      <param name="UserKey">
      </param>
    </member>
    <member name="M:CSVideoPlayer.VideoPlayerWinForm.NaturalDuration">
      <summary>
            NaturalDuration
            </summary>
      <returns>
      </returns>
    </member>
    <member name="M:CSVideoPlayer.VideoPlayerWinForm.Volume(System.Int32)">
      <summary>
            Volume
            </summary>
      <param name="Val">
      </param>
    </member>
    <member name="M:CSVideoPlayer.VideoPlayerWinForm.SpeedRatio(System.Int32)">
      <summary>
            SpeedRatio
            </summary>
      <param name="Val">
      </param>
    </member>
    <member name="M:CSVideoPlayer.VideoPlayerWinForm.PositionGet">
      <summary>
            PositionGet
            </summary>
      <returns>
      </returns>
    </member>
    <member name="M:CSVideoPlayer.VideoPlayerWinForm.PositionSet(System.TimeSpan)">
      <summary>
            PositionSet
            </summary>
      <param name="pos">
      </param>
    </member>
    <member name="M:CSVideoPlayer.VideoPlayerWinForm.Pause">
      <summary>
            Pause
            </summary>
    </member>
    <member name="M:CSVideoPlayer.VideoPlayerWinForm.Open(System.Uri)">
      <summary>
            Open
            </summary>
      <param name="uri">
      </param>
    </member>
    <member name="M:CSVideoPlayer.VideoPlayerWinForm.Close">
      <summary>
            Close
            </summary>
    </member>
    <member name="M:CSVideoPlayer.VideoPlayerWinForm.GetDeatils(System.String)">
      <summary>
            GetDeatils
            </summary>
      <param name="uri">
      </param>
      <returns>
      </returns>
    </member>
    <member name="M:CSVideoPlayer.VideoPlayerWinForm.Stop">
      <summary>
            Stop
            </summary>
    </member>
    <member name="M:CSVideoPlayer.VideoPlayerWinForm.Play">
      <summary>
            Play
            </summary>
    </member>
    <member name="M:CSVideoPlayer.VideoPlayerWinForm.Rotate(System.Int32)">
      <summary>
            Rotate
            </summary>
      <param name="Degrees">
      </param>
    </member>
    <member name="M:CSVideoPlayer.VideoPlayerWinForm.Flip(System.Int32)">
      <summary>
            Flip
            </summary>
      <param name="ScaleX">
      </param>
    </member>
    <member name="M:CSVideoPlayer.VideoPlayerWinForm.Dispose(System.Boolean)">
      <summary> 
            Clean up any resources being used.
            </summary>
      <param name="disposing">true if managed resources should be disposed; otherwise, false.</param>
    </member>
    <member name="T:CSVideoPlayer.VideoPlayerWPF">
      <summary>
            Video Player component for WPF
            </summary>
      <summary>
            VideoPlayerWPF
            </summary>
    </member>
    <member name="P:CSVideoPlayer.VideoPlayerWPF.UserName">
      <summary>
            The user name.
            </summary>
    </member>
    <member name="P:CSVideoPlayer.VideoPlayerWPF.UserKey">
      <summary>
            The user key.
            </summary>
    </member>
    <member name="P:CSVideoPlayer.VideoPlayerWPF.PlayingState">
      <summary>
            The playing state of the control. This can be Ready, Playing and Paused.
            </summary>
    </member>
    <member name="T:CSVideoPlayer.VideoPlayerWPF.MediaOpenedEventHandler">
      <summary>
            MediaOpenedEventHandler
            </summary>
      <param name="sender">
      </param>
      <param name="e">
      </param>
    </member>
    <member name="E:CSVideoPlayer.VideoPlayerWPF.MediaOpened">
      <summary>
            MediaOpened
            </summary>
    </member>
    <member name="T:CSVideoPlayer.VideoPlayerWPF.MediaChangedEventHandler">
      <summary>
            MediaChangedEventHandler
            </summary>
      <param name="sender">
      </param>
      <param name="e">
      </param>
    </member>
    <member name="E:CSVideoPlayer.VideoPlayerWPF.MediaChanged">
      <summary>
            MediaChanged
            </summary>
    </member>
    <member name="T:CSVideoPlayer.VideoPlayerWPF.MediaChangingEventHandler">
      <summary>
            MediaChangingEventHandler
            </summary>
      <param name="sender">
      </param>
      <param name="e">
      </param>
    </member>
    <member name="E:CSVideoPlayer.VideoPlayerWPF.MediaChanging">
      <summary>
            MediaChanging
            </summary>
    </member>
    <member name="T:CSVideoPlayer.VideoPlayerWPF.MediaClosedEventHandler">
      <summary>
            MediaClosedEventHandler
            </summary>
      <param name="sender">
      </param>
      <param name="e">
      </param>
    </member>
    <member name="E:CSVideoPlayer.VideoPlayerWPF.MediaClosed">
      <summary>
            MediaClosedEventHandler 
            </summary>
    </member>
    <member name="T:CSVideoPlayer.VideoPlayerWPF.MediaEndedEventHandler">
      <summary>
            MediaEndedEventHandler
            </summary>
      <param name="sender">
      </param>
      <param name="e">
      </param>
    </member>
    <member name="E:CSVideoPlayer.VideoPlayerWPF.MediaEnded">
      <summary>
            MediaEnded
            </summary>
    </member>
    <member name="T:CSVideoPlayer.VideoPlayerWPF.MediaFailedEventHandler">
      <summary>
            MediaFailedEventHandler
            </summary>
      <param name="sender">
      </param>
      <param name="e">
      </param>
    </member>
    <member name="E:CSVideoPlayer.VideoPlayerWPF.MediaFailed">
      <summary>
            MediaFailed
            </summary>
    </member>
    <member name="T:CSVideoPlayer.VideoPlayerWPF.MediaInitializingEventHandler">
      <summary>
            MediaInitializingEventHandler
            </summary>
      <param name="sender">
      </param>
      <param name="e">
      </param>
    </member>
    <member name="E:CSVideoPlayer.VideoPlayerWPF.MediaInitializing">
      <summary>
            MediaInitializing
            </summary>
    </member>
    <member name="T:CSVideoPlayer.VideoPlayerWPF.MediaOpeningEventHandler">
      <summary>
            MediaOpeningEventHandler
            </summary>
      <param name="sender">
      </param>
      <param name="e">
      </param>
    </member>
    <member name="E:CSVideoPlayer.VideoPlayerWPF.MediaOpening">
      <summary>
            MediaOpening
            </summary>
    </member>
    <member name="T:CSVideoPlayer.VideoPlayerWPF.MediaReadyEventHandler">
      <summary>
            MediaReadyEventHandler
            </summary>
      <param name="sender">
      </param>
      <param name="e">
      </param>
    </member>
    <member name="E:CSVideoPlayer.VideoPlayerWPF.MediaReady">
      <summary>
            MediaReady
            </summary>
    </member>
    <member name="T:CSVideoPlayer.VideoPlayerWPF.MediaStateChangedEventHandler">
      <summary>
            MediaStateChangedEventHandler
            </summary>
      <param name="sender">
      </param>
      <param name="e">
      </param>
    </member>
    <member name="E:CSVideoPlayer.VideoPlayerWPF.MediaStateChanged">
      <summary>
            MediaStateChanged
            </summary>
    </member>
    <member name="P:CSVideoPlayer.VideoPlayerWPF.FullScreenMode">
      <summary>
            FullScreenMode
            </summary>
    </member>
    <member name="F:CSVideoPlayer.VideoPlayerWPF.mediaProperties">
      <summary>
            mediaProperties
            </summary>
    </member>
    <member name="P:CSVideoPlayer.VideoPlayerWPF.FFmpegLibsPath">
      <summary>
            FFmpegLibsPath
            </summary>
    </member>
    <member name="M:CSVideoPlayer.VideoPlayerWPF.#ctor">
      <summary>
            VideoPlayerWPF
            </summary>
    </member>
    <member name="M:CSVideoPlayer.VideoPlayerWPF.CheckLicense(System.Boolean)">
      <summary>
            Check the user license of the component. 
            </summary>
      <param name="DisplayRegistrationWindow">Display the registration form or not.</param>
      <returns>True if the license is OK, false if not.</returns>
    </member>
    <member name="M:CSVideoPlayer.VideoPlayerWPF.Init(System.String,System.String,System.String)">
      <summary>
            Init the component, must be call before using any functionality of the component.
            </summary>
      <param name="LibsPath">
      </param>
      <param name="UserName">
      </param>
      <param name="UserKey">
      </param>
    </member>
    <member name="M:CSVideoPlayer.VideoPlayerWPF.NaturalDuration">
      <summary>
            NaturalDuration
            </summary>
      <returns>
      </returns>
    </member>
    <member name="M:CSVideoPlayer.VideoPlayerWPF.Volume(System.Int32)">
      <summary>
            Volume
            </summary>
      <param name="Val">
      </param>
    </member>
    <member name="M:CSVideoPlayer.VideoPlayerWPF.SpeedRatio(System.Int32)">
      <summary>
            SpeedRatio
            </summary>
      <param name="Val">
      </param>
    </member>
    <member name="M:CSVideoPlayer.VideoPlayerWPF.Rotate(System.Int32)">
      <summary>
            Rotate
            </summary>
      <param name="Degrees">
      </param>
    </member>
    <member name="M:CSVideoPlayer.VideoPlayerWPF.Flip(System.Int32)">
      <summary>
            Flip
            </summary>
      <param name="ScaleX">
      </param>
    </member>
    <member name="M:CSVideoPlayer.VideoPlayerWPF.PositionGet">
      <summary>
            PositionGet
            </summary>
      <returns>
      </returns>
    </member>
    <member name="M:CSVideoPlayer.VideoPlayerWPF.PositionSet(System.TimeSpan)">
      <summary>
            PositionSet
            </summary>
      <param name="pos">
      </param>
    </member>
    <member name="M:CSVideoPlayer.VideoPlayerWPF.Pause">
      <summary>
            Pause
            </summary>
    </member>
    <member name="M:CSVideoPlayer.VideoPlayerWPF.Open(System.Uri)">
      <summary>
            Open
            </summary>
      <param name="uri">
      </param>
    </member>
    <member name="M:CSVideoPlayer.VideoPlayerWPF.Close">
      <summary>
            Close
            </summary>
    </member>
    <member name="M:CSVideoPlayer.VideoPlayerWPF.GetDeatils(System.String)">
      <summary>
            GetDeatils
            </summary>
      <param name="uri">
      </param>
      <returns>
      </returns>
    </member>
    <member name="M:CSVideoPlayer.VideoPlayerWPF.Stop">
      <summary>
            Stop
            </summary>
    </member>
    <member name="M:CSVideoPlayer.VideoPlayerWPF.Play">
      <summary>
            Play
            </summary>
    </member>
    <member name="M:CSVideoPlayer.VideoPlayerWPF.FullScreen">
      <summary>
            FullScreen
            </summary>
    </member>
    <member name="M:CSVideoPlayer.VideoPlayerWPF.InitializeComponent">
      <summary>
            InitializeComponent
            </summary>
    </member>
    <member name="P:CSMediaPropertiesInfo.Disposition.Default">
      <summary>
            Default
            </summary>
    </member>
    <member name="P:CSMediaPropertiesInfo.Disposition.Dub">
      <summary>
            Dub
            </summary>
    </member>
    <member name="P:CSMediaPropertiesInfo.Disposition.Original">
      <summary>
            Original
            </summary>
    </member>
    <member name="P:CSMediaPropertiesInfo.Disposition.Comment">
      <summary>
            Comment
            </summary>
    </member>
    <member name="P:CSMediaPropertiesInfo.Disposition.Lyrics">
      <summary>
            Lyrics
            </summary>
    </member>
    <member name="P:CSMediaPropertiesInfo.Disposition.Karaoke">
      <summary>
            Karaoke
            </summary>
    </member>
    <member name="P:CSMediaPropertiesInfo.Disposition.Forced">
      <summary>
            Forced
            </summary>
    </member>
    <member name="P:CSMediaPropertiesInfo.Disposition.HearingImpaired">
      <summary>
            HearingImpaired
            </summary>
    </member>
    <member name="P:CSMediaPropertiesInfo.Disposition.VisualImpaired">
      <summary>
            VisualImpaired
            </summary>
    </member>
    <member name="P:CSMediaPropertiesInfo.Disposition.CleanEffects">
      <summary>
            CleanEffects
            </summary>
    </member>
    <member name="P:CSMediaPropertiesInfo.Disposition.AttachedPic">
      <summary>
            AttachedPic
            </summary>
    </member>
    <member name="P:CSMediaPropertiesInfo.Disposition.TimedThumbnails">
      <summary>
            TimedThumbnails
            </summary>
    </member>
    <member name="P:CSMediaPropertiesInfo.Format.Filename">
      <summary>
            Filename
            </summary>
    </member>
    <member name="P:CSMediaPropertiesInfo.Format.NbStreams">
      <summary>
            NbStreams
            </summary>
    </member>
    <member name="P:CSMediaPropertiesInfo.Format.NbPrograms">
      <summary>
            NbPrograms
            </summary>
    </member>
    <member name="P:CSMediaPropertiesInfo.Format.FormatName">
      <summary>
            FormatName
            </summary>
    </member>
    <member name="P:CSMediaPropertiesInfo.Format.FormatLongName">
      <summary>
            FormatLongName
            </summary>
    </member>
    <member name="P:CSMediaPropertiesInfo.Format.StartTime">
      <summary>
            StartTime
            </summary>
    </member>
    <member name="P:CSMediaPropertiesInfo.Format.Duration">
      <summary>
            Duration
            </summary>
    </member>
    <member name="P:CSMediaPropertiesInfo.Format.Size">
      <summary>
            Size
            </summary>
    </member>
    <member name="P:CSMediaPropertiesInfo.Format.BitRate">
      <summary>
            BitRate
            </summary>
    </member>
    <member name="P:CSMediaPropertiesInfo.Format.ProbeScore">
      <summary>
            ProbeScore
            </summary>
    </member>
    <member name="P:CSMediaPropertiesInfo.Format.Tags">
      <summary>
            Tags
            </summary>
    </member>
    <member name="P:CSMediaPropertiesInfo.ID3Tags.Title">
      <summary>
            ID3 title tag.
            -metadata title="Adagio for Strings"
            </summary>
    </member>
    <member name="P:CSMediaPropertiesInfo.ID3Tags.Subtitle">
      <summary>
            ID3 subtitle tag.
            -metadata TIT3="Op. 91"
            </summary>
    </member>
    <member name="P:CSMediaPropertiesInfo.ID3Tags.Comment">
      <summary>
            ID3 comment tag.
            -metadata comment="Extra info text"
            </summary>
    </member>
    <member name="P:CSMediaPropertiesInfo.ID3Tags.Artist">
      <summary>
            ID3 artist tag.
            -metadata artist="Yo Yo Ma/London Symphony"
            </summary>
    </member>
    <member name="P:CSMediaPropertiesInfo.ID3Tags.AlbumArtist">
      <summary>
            ID3 album artist tag.
            -metadata album_artist="London Symphony"
            </summary>
    </member>
    <member name="P:CSMediaPropertiesInfo.ID3Tags.Album">
      <summary>
            ID3 album tag.
            -metadata album="String Classics"
            </summary>
    </member>
    <member name="P:CSMediaPropertiesInfo.ID3Tags.Date">
      <summary>
            ID3 date tag.
            -metadata date="2012"
            </summary>
    </member>
    <member name="P:CSMediaPropertiesInfo.ID3Tags.Track">
      <summary>
            ID3 track tag.
            -metadata track="3/12" means track number 3 of 12.
            </summary>
    </member>
    <member name="P:CSMediaPropertiesInfo.ID3Tags.Genre">
      <summary>
            ID3 genre tag.
            -metadata genre="Classical"
            </summary>
    </member>
    <member name="P:CSMediaPropertiesInfo.ID3Tags.Publisher">
      <summary>
            ID3 publisher tag.
            -metadata publisher="London Publishing"
            </summary>
    </member>
    <member name="P:CSMediaPropertiesInfo.ID3Tags.EncodedBy">
      <summary>
            ID3 genre tag.
            -metadata encoded_by="Telarc"
            </summary>
    </member>
    <member name="P:CSMediaPropertiesInfo.ID3Tags.Copyright">
      <summary>
            ID3 copyright tag.
            -metadata copyright="Telarc"
            </summary>
    </member>
    <member name="P:CSMediaPropertiesInfo.ID3Tags.Composer">
      <summary>
            ID3 composer tag.
            -metadata composer="J.S. Bach"
            </summary>
    </member>
    <member name="P:CSMediaPropertiesInfo.ID3Tags.Performer">
      <summary>
            ID3 performer tag.
            -metadata performer="T. S. Miles"
            </summary>
    </member>
    <member name="P:CSMediaPropertiesInfo.ID3Tags.TIT1">
      <summary>
            ID3 TIT1 tag.
            -metadata TIT1="The Classics"
            </summary>
    </member>
    <member name="P:CSMediaPropertiesInfo.ID3Tags.Disc">
      <summary>
            ID3 Disc tag.
            -metadata disc="1/2" means disc number 1 of 2.
            </summary>
    </member>
    <member name="P:CSMediaPropertiesInfo.ID3Tags.TKEY">
      <summary>
            ID3 TKEY tag.
            -metadata TKEY="G"
            </summary>
    </member>
    <member name="P:CSMediaPropertiesInfo.ID3Tags.TBPM">
      <summary>
            ID3 TBPM tag.
            -metadata TBPM="120"
            </summary>
    </member>
    <member name="P:CSMediaPropertiesInfo.ID3Tags.Language">
      <summary>
            ID3 language tag.
            -metadata language="eng"
            </summary>
    </member>
    <member name="P:CSMediaPropertiesInfo.ID3Tags.Encoder">
      <summary>
            ID3 encoder tag.
            -metadata encoder="iTunes v10"
            </summary>
    </member>
    <member name="P:CSMediaPropertiesInfo.Stream.Index">
      <summary>
            Index
            </summary>
    </member>
    <member name="P:CSMediaPropertiesInfo.Stream.CodecName">
      <summary>
            CodecName
            </summary>
    </member>
    <member name="P:CSMediaPropertiesInfo.Stream.CodecLongName">
      <summary>
            CodecLongName
            </summary>
    </member>
    <member name="P:CSMediaPropertiesInfo.Stream.Profile">
      <summary>
            Profile
            </summary>
    </member>
    <member name="P:CSMediaPropertiesInfo.Stream.CodecType">
      <summary>
            CodecType
            </summary>
    </member>
    <member name="P:CSMediaPropertiesInfo.Stream.CodecTimeBase">
      <summary>
            CodecTimeBase
            </summary>
    </member>
    <member name="P:CSMediaPropertiesInfo.Stream.CodecTagString">
      <summary>
            CodecTagString
            </summary>
    </member>
    <member name="P:CSMediaPropertiesInfo.Stream.CodecTag">
      <summary>
            CodecTag
            </summary>
    </member>
    <member name="P:CSMediaPropertiesInfo.Stream.Width">
      <summary>
            Width
            </summary>
    </member>
    <member name="P:CSMediaPropertiesInfo.Stream.Height">
      <summary>
            Height
            </summary>
    </member>
    <member name="P:CSMediaPropertiesInfo.Stream.CodedWidth">
      <summary>
            CodedWidth
            </summary>
    </member>
    <member name="P:CSMediaPropertiesInfo.Stream.CodedHeight">
      <summary>
            CodedHeight
            </summary>
    </member>
    <member name="P:CSMediaPropertiesInfo.Stream.HasBFrames">
      <summary>
            HasBFrames
            </summary>
    </member>
    <member name="P:CSMediaPropertiesInfo.Stream.SampleAspectRatio">
      <summary>
            SampleAspectRatio
            </summary>
    </member>
    <member name="P:CSMediaPropertiesInfo.Stream.DisplayAspectRatio">
      <summary>
            DisplayAspectRatio
            </summary>
    </member>
    <member name="P:CSMediaPropertiesInfo.Stream.PixFmt">
      <summary>
            PixFmt
            </summary>
    </member>
    <member name="P:CSMediaPropertiesInfo.Stream.Level">
      <summary>
            Level
            </summary>
    </member>
    <member name="P:CSMediaPropertiesInfo.Stream.ColorRange">
      <summary>
            ColorRange
            </summary>
    </member>
    <member name="P:CSMediaPropertiesInfo.Stream.ColorSpace">
      <summary>
            ColorSpace
            </summary>
    </member>
    <member name="P:CSMediaPropertiesInfo.Stream.ColorTransfer">
      <summary>
            ColorTransfer
            </summary>
    </member>
    <member name="P:CSMediaPropertiesInfo.Stream.ColorPrimaries">
      <summary>
            ColorPrimaries
            </summary>
    </member>
    <member name="P:CSMediaPropertiesInfo.Stream.ChromaLocation">
      <summary>
            ChromaLocation
            </summary>
    </member>
    <member name="P:CSMediaPropertiesInfo.Stream.Refs">
      <summary>
            Refs
            </summary>
    </member>
    <member name="P:CSMediaPropertiesInfo.Stream.IsAvc">
      <summary>
            IsAvc
            </summary>
    </member>
    <member name="P:CSMediaPropertiesInfo.Stream.NalLengthSize">
      <summary>
            NalLengthSize
            </summary>
    </member>
    <member name="P:CSMediaPropertiesInfo.Stream.RFrameRate">
      <summary>
            RFrameRate
            </summary>
    </member>
    <member name="P:CSMediaPropertiesInfo.Stream.AvgFrameRate">
      <summary>
            AvgFrameRate
            </summary>
    </member>
    <member name="P:CSMediaPropertiesInfo.Stream.TimeBase">
      <summary>
            TimeBase
            </summary>
    </member>
    <member name="P:CSMediaPropertiesInfo.Stream.StartPts">
      <summary>
            StartPts
            </summary>
    </member>
    <member name="P:CSMediaPropertiesInfo.Stream.StartTime">
      <summary>
            StartTime
            </summary>
    </member>
    <member name="P:CSMediaPropertiesInfo.Stream.DurationTs">
      <summary>
            DurationTs
            </summary>
    </member>
    <member name="P:CSMediaPropertiesInfo.Stream.Duration">
      <summary>
            Duration
            </summary>
    </member>
    <member name="P:CSMediaPropertiesInfo.Stream.BitRate">
      <summary>
            BitRate
            </summary>
    </member>
    <member name="P:CSMediaPropertiesInfo.Stream.BitsPerRawSample">
      <summary>
            BitsPerRawSample
            </summary>
    </member>
    <member name="P:CSMediaPropertiesInfo.Stream.NbFrames">
      <summary>
            NbFrames
            </summary>
    </member>
    <member name="P:CSMediaPropertiesInfo.Tag.Key">
      <summary>
            Key
            </summary>
    </member>
    <member name="P:CSMediaPropertiesInfo.Tag.Value">
      <summary>
            Value
            </summary>
    </member>
    <member name="T:FFmpeg.AutoGen.FFmpegLoadMode">
      <summary>
            The load mode of FFmpeg Libraries.
            </summary>
    </member>
    <member name="P:FFmpeg.AutoGen.FFmpegLoadMode.LibraryFlags">
      <summary>
            Gets the individual library flag identifiers.
            </summary>
    </member>
    <member name="P:FFmpeg.AutoGen.FFmpegLoadMode.FullFeatures">
      <summary>
            The full features. Tries to load everything.
            </summary>
    </member>
    <member name="P:FFmpeg.AutoGen.FFmpegLoadMode.MinimumFeatures">
      <summary>
            Loads everything except for AVDevice and AVFilter.
            </summary>
    </member>
    <member name="P:FFmpeg.AutoGen.FFmpegLoadMode.AudioOnly">
      <summary>
            Loads the minimum set for Audio-only programs.
            </summary>
    </member>
    <member name="P:FFmpeg.AutoGen.FFmpegLoadMode.VideoOnly">
      <summary>
            Loads the minimum set for Video-only programs.
            </summary>
    </member>
  </members>
</doc>