﻿<?xml version="1.0"?>
<doc>
<assembly>
<name>
uBanseokChurch
</name>
</assembly>
<members>
<member name="T:uBanseokChurch.My.Resources.Resources">
<summary>
  지역화된 문자열 등을 찾기 위한 강력한 형식의 리소스 클래스입니다.
</summary>
</member>
<member name="P:uBanseokChurch.My.Resources.Resources.ResourceManager">
<summary>
  이 클래스에서 사용하는 캐시된 ResourceManager 인스턴스를 반환합니다.
</summary>
</member>
<member name="P:uBanseokChurch.My.Resources.Resources.Culture">
<summary>
  이 강력한 형식의 리소스 클래스를 사용하여 모든 리소스 조회에 대해 현재 스레드의 CurrentUICulture 속성을
  재정의합니다.
</summary>
</member>
<member name="M:uBanseokChurch.ctlSmallControlLstGospel.reCalcPosition2(System.Int32)">
 <summary>
 비 정형 형태
 </summary>
 <param name="i_iStartPos"></param>
 <remarks></remarks>
</member>
<member name="F:uBanseokChurch.clsBibleInfo.OldNewType">
 <summary>
 신/구약
 </summary>
</member>
<member name="F:uBanseokChurch.clsBibleInfo.Book">
 <summary>
 순서 (신/구약 전체 순서)
 </summary>
</member>
<member name="F:uBanseokChurch.clsBibleInfo.AbbrName">
 <summary>
 약자
 </summary>
</member>
<member name="F:uBanseokChurch.clsBibleInfo.Name">
 <summary>
 이름
 </summary>
</member>
<member name="M:uBanseokChurch.clsColBible.GetVerseCount(System.Int32,System.Int32)">
 <summary>
 Book Chapter Verse Count
 </summary>
</member>
<member name="M:uBanseokChurch.clsColBible.GetChapterCount(System.Int32)">
 <summary>
 Book Chapter Count
 </summary>
</member>
<member name="M:uBanseokChurch.clsColBible.GetBibleList(System.Int32,System.Int32,System.Int32,System.Int32)">
 <summary>
 선택한 구절 목록을 반환
 </summary>
</member>
<member name="P:uBanseokChurch.clsColGospel.oColBindingList">
 <summary>
 바인딩 리스트
 </summary>
 <value></value>
 <returns></returns>
 <remarks></remarks>
</member>
<member name="M:uBanseokChurch.clsColGospel.InitControl">
 <summary>
 초기화
 </summary>
 <remarks></remarks>
</member>
<member name="M:uBanseokChurch.clsColGospel.DestroyControl">
 <summary>
 소멸
 </summary>
 <remarks></remarks>
</member>
<member name="M:uBanseokChurch.clsColGospel.FileRead(System.String,uBanseokChurch.clsXmlGospelInfo)">
 <summary>
 디렉토리 읽기
 </summary>
 <param name="i_sDirectory"></param>
 <remarks></remarks>
</member>
<member name="M:uBanseokChurch.ctlSmallControlSongsLst.reCalcPosition2(System.Int32)">
 <summary>
 비 정형 형태
 </summary>
 <param name="i_iStartPos"></param>
 <remarks></remarks>
</member>
<member name="M:uBanseokChurch.modSubMain.InitControl">
 <summary>
 프로젝트 시작
 </summary>
 <remarks></remarks>
</member>
<member name="M:uBanseokChurch.modSubMain.DestoryControl">
 <summary>
 업데이트
 </summary>
 <remarks></remarks>
</member>
<member name="M:uBanseokChurch.ctlGospelList.InitControl">
 <summary>
 초기화
 </summary>
 <remarks></remarks>
</member>
<member name="M:uBanseokChurch.frmSermon.btnPPTReload_Click(System.Object,System.EventArgs)">
 <summary>
 PPT 파일 이미지로 변환 후 다시 읽기
 </summary>
</member>
<member name="M:uBanseokChurch.clsXmlGospelInfo.InfoRead(System.String)">
 <summary>
 정보 파일을 읽는다.
 </summary>
</member>
</members>
</doc>
