﻿<?xml version="1.0"?>
<doc>
<assembly>
<name>
WpfChurch
</name>
</assembly>
<members>
<member name="T:WpfChurch.My.Resources.Resources">
<summary>
  지역화된 문자열 등을 찾기 위한 강력한 형식의 리소스 클래스입니다.
</summary>
</member>
<member name="P:WpfChurch.My.Resources.Resources.ResourceManager">
<summary>
  이 클래스에서 사용하는 캐시된 ResourceManager 인스턴스를 반환합니다.
</summary>
</member>
<member name="P:WpfChurch.My.Resources.Resources.Culture">
<summary>
  이 강력한 형식의 리소스 클래스를 사용하여 모든 리소스 조회에 대한 현재 스레드의 CurrentUICulture
  속성을 재정의합니다.
</summary>
</member>
<member name="T:WpfChurch.wpfImageControl4Bible">
<summary>
wpfImageControl4Bible
</summary>
</member>
<member name="M:WpfChurch.wpfImageControl4Bible.InitializeComponent">
<summary>
InitializeComponent
</summary>
</member>
<member name="T:WpfChurch.wpfImageControl">
<summary>
wpfImageControl
</summary>
</member>
<member name="M:WpfChurch.wpfImageControl.InitializeComponent">
<summary>
InitializeComponent
</summary>
</member>
<member name="T:WpfChurch.wpfImageControlSmallBible">
<summary>
wpfImageControlSmallBible
</summary>
</member>
<member name="M:WpfChurch.wpfImageControlSmallBible.SetSelected">
 <summary>
 선택 됨
 </summary>
</member>
<member name="M:WpfChurch.wpfImageControlSmallBible.UnSetSelected">
 <summary>
 선택되지 않음
 </summary>
</member>
<member name="M:WpfChurch.wpfImageControlSmallBible.IsSelected">
 <summary>
 선택 여부 반환
 </summary>
</member>
<member name="M:WpfChurch.wpfImageControlSmallBible.InitializeComponent">
<summary>
InitializeComponent
</summary>
</member>
<member name="T:WpfChurch.wpfImageControlSmall">
<summary>
wpfImageControlSmall
</summary>
</member>
<member name="M:WpfChurch.wpfImageControlSmall.SetSelected">
 <summary>
 선택 됨
 </summary>
</member>
<member name="M:WpfChurch.wpfImageControlSmall.UnSetSelected">
 <summary>
 선택되지 않음
 </summary>
</member>
<member name="M:WpfChurch.wpfImageControlSmall.IsSelected">
 <summary>
 선택 여부 반환
 </summary>
</member>
<member name="M:WpfChurch.wpfImageControlSmall.InitializeComponent">
<summary>
InitializeComponent
</summary>
</member>
</members>
</doc>
